Stage,loss,accuracy,training_size
baseline,1.8599991817384227,0.8816310167312622,34799
After Data Augmentation,0.6265971492094032,0.8858274221420288,39239
After Data Augmentation & Pre-processing,0.5128987871364101,0.8812351822853088,39239
