Stage,loss,accuracy,training_size
baseline,1.8599991817384227,0.8816310167312622,34799
